диагноз,клиническая картина,симптомы
отит,"У кошки наблюдается воспаление уха, сопровождающееся сильным зудом и покраснением слухового прохода. Животное часто наклоняет голову набок и трет ухо лапой. При осмотре ветеринар обнаруживает гнойные выделения из ушного канала. Кошка реагирует на прикосновение к больному уху, хлопает им и отдергивается. Кроме того, отмечается неприятный запах из уха животного.","Симптомы: воспаление уха, гнойные выделения из уха, зуд, покраснение слухового прохода, частое наклонение головы набок и трение уха лапой, боль при прикосновении к уху, неприятный запах из уха."
отит,"Пациент: собака, полтора года. Врач обнаружил у животного воспаление уха, отмеченное покраснение барабанной перепонки и гнойные выделения из ушного канала. Лабораторный анализ показал присутствие сероводорода в образце ушной слизи, что свидетельствует о наличии инфекции. Животное проявляет признаки боли при пальпации уха и теряет аппетит.","Симптомы: боль в ухе, гнойные выделения из уха, зуд и дискомфорт"
отит,"У кошки воспаление уха. Беспрестанно трет лапой за ухом и встряхивает головой. Из уха заметен гнойный выделениями, неприятный запах. При пальпации область вокруг уха болезненна. Поведение животного стало агрессивным из-за причиняемого боли дискомфорта.","Симптомы: боль в ухе, гнойные выделения из уха, зуд и дискомфорт"
отит,"У собаки отмечаются частые приступы слезотечения из одного или обоих глаз. Животное проявляет светобоязнь, прячет морду лапами, веки спадают и слипаются из-за обильной жидкости. При осмотре глаза видны гиперемия конъюнктивы и дымчатый оттенок роговицы. В тяжелых случаях наблюдается помутнение радужной оболочки или отслоение сетчатки. Состояние улучшается самостоятельно, но через время рецидивы повторяются. Собака постепенно теряет зрение.","Симптомы: слезотечение из глаз, светобоязнь, гиперемия конъюнктивы, помутнение радужной оболочки или отслоение сетчатки, рецидивирующее течение болезни, прогрессирующая потеря зрения."
отит,"У птицы из носа течет гной. Она трясет головой и чешет лапой за ухом. Уши красные, воспаленные, с плохим запахом. Аппетит снижен, может быть рвота. Птица отказывается от корма, но пьет много воды.","Симптомы: гнойные выделения из носа, головная боль и тряска головой, зуд за ухом с красными воспаленными ушами, плохой запах из ушей, снижение аппетита и рвота, отказ от корма, увеличение потребления воды."
отит,"Собака, 5 лет, постоянно трет ухо о пол и вздрагивает при прикосновении к голове. Из уха слышен гул, как будто там что-то бурлит. Пахнет гнилью, как тухлая рыба.","симптомы: постоянное трение уха о пол, вздрагивание при прикосновении к голове, гул в ухе, запах тухлой рыбы"
отит,"У птицы воспаление уха: гнойные выделения из ушного прохода, зуд и дискомфорт, наклон головы на больную сторону, потеря равновесия.","Симптомы: гнойные выделения из уха, зуд и дискомфорт, наклон головы на больную сторону, потеря равновесия."
отит,"Жвачное животное поносит, отказывается от корма. При осмотре выпячена левая голодная ямка, стенка рубца упругая и быстро выравнивается при пальпации. Перкуссия дает тимпанический звук, движения рубца ослаблены. Животное испытывает одышку и учащенный сердечный ритм.","симптомы:понос,отказ от корма,выпячивание левой голодной ямки,управляемость стенки рубца,ослабленные движения рубца,одышка,учащенный сердечный ритм"
отит,"Кошка постоянно трет одной лапой ухо и трясет головой, из уха пахнет гноем и вытекает жидкость. При осмотре ветеринар обнаруживает покраснение и отек слухового прохода, а также наличие серозного экссудата в среднем ухе. Кошка избегает контакта с хозяевами и не реагирует на привычные звуки из-за сильной боли.","Симптомы: боль в ухе, гнойные выделения из уха, зуд и дискомфорт"
отит,"У коровы наблюдается вздутие левой стороны брюшной полости. При прощупывании рубец твердый и быстро возвращается в исходное состояние. При простукивании слышен тимпанический звук, движения рубца ослаблены. Животное испытывает одышку, учащенное сердцебиение и возможны колики. Температура тела в норме.","симптомы:вздутие левой стороны брюшной полости,твердый рубец с быстрым возвращением в исходное состояние при прощупывании,тимпанический звук при простукивании,ослабленные движения рубца,одышка,учащенное сердцебиение,возможные колики"
Дерматит,"Животное страдает от сильного зуда и покраснения кожи, особенно в области живота и паха. На коже видны гнойные корочки и язвочки, которые вызывают боль при пальпации. В некоторых местах наблюдается выпадение шерсти. Температура тела повышена, аппетит снижен. Животное становится вялым и апатичным.","Симптомы: зуд кожи, покраснение кожи, гнойные корочки на коже, язвочки на коже, боль при пальпации, выпадение шерсти, повышенная температура тела, сниженный аппетит, вялость и апатия."
Дерматит,"У коровы Observe появились покраснение и отечность на кожном покрове в районе живота и груди. В этих местах наблюдаются участки облысения, а также образование гнойничков и язв. Животное проявляет беспокойство и часто расчесывает пораженные участки, что приводит к дальнейшему распространению воспаления и зуду. При пальпации этих областей корова реагирует на боль и дискомфорт. Температура тела животного в норме, но наблюдается снижение аппетита и общего состояния здоровья.","Симптомы: покраснение кожи, отечность, облысение, гнойнички и язвы на кожных покровах живота и груди, зуд, расчесывание пораженных участков, боль и дискомфорт при пальпации, снижение аппетита и общего состояния здоровья."
Дерматит,"У коровы появилась хромота на левой задней ноге. В области сухожилия сгибателя пальцев наблюдается горячая, болезненная припухлость. При пальпации животное вздрагивает. Температура тела повышена.","Симптомы: боль в районе сухожилия сгибателя пальцев левой задней ноги, локальная гипертермия и болезненность при пальпации, повышенная температура тела, реакция на боль (вздрагивание)."
Дерматит,"Корова в последнее время стала плохо есть и пить. Живот сильно вздут, при прослушивании определяется тимпанический звук. При пальпации животное реагирует на давление. Сердечная деятельность учащена, дыхание поверхностное. Слизистые оболочки бледные или цианотичные. За последние дни рацион коровы не менялся и она не выходила на пастбище.","Симптомы: плохой аппетит, увеличение объема живота (метеоризм), боль при пальпации живота, тахикардия, поверхностное дыхание, бледность или цианоз слизистых оболочек."
Дерматит,"Животное проявляет беспокойство и отказывается от еды. При осмотре отмечено вздутие левой стороны живота, стенка рубца упругая при пальпации и быстро выравнивается. При перкуссии слышен тимпанический звук, движения рубца ослаблены. Животное испытывает боль при надавливании на область рубца, но нет повышения температуры тела. Замечены проблемы с пищеварением и периодические колики.","Симптомы: вздутие левой стороны живота, беспокойство животного, отказ от еды, упругая стенка рубца при пальпации, тимпанический звук при перкуссии, ослабленные движения рубца, боль при надавливании на область рубца, проблемы с пищеварением и периодические колики."
Дерматит,"Кошка по кличке Маркиз два дня назад съела неизвестное растение во дворе. Сегодня у кошки появилось покраснение на коже вокруг рта и глаз, а также на животе и лапах. В течение часа после еды у кошки началась рвота, запор, затем диарея. Маркиз отказывается от еды и воды, вялый, температура тела 39,5°. К вечеру появились пузырьки на коже, Маркиз чешет лапами и языком, пытаясь расчесать места зуда.","Симптомы: покраснение кожи вокруг рта и глаз, на животе и лапах, рвота, запор с последующей диареей, отказ от еды и воды, вялость, температура тела 39,5°, зуд, расчесывание лапами и языком из-за пузырьков на коже."
Дерматит,"У кошки на животе и внутренних поверхностях бедер появились красные, воспаленные пятна. Кожа в этих местах шелушится и зудит, кошка часто облизывает эти участки и может иметь неприятный запах от кожи. В некоторых случаях могут наблюдаться мокнущие раны или корочки на коже.","Симптомы: красные воспаленные пятна на животе и внутренних поверхностях бедер, шелушение кожи, зуд, неприятный запах от кожи, возможны мокнущие раны или корочки на коже."
Дерматит,"Собака сильно чешется, особенно за ушами и на животе. Кожа красная и воспаленная, есть небольшие язвочки. Шерсть взъерошена и грязная. Животное часто лижет проблемные места, что приводит к еще большему раздражению кожи. У собаки может быть повышенная температура и вялость.","Симптомы: зуд, воспаление кожи, язвочки, взъерошенная шерсть, грязь на шерсти, частое лизание проблемных мест, возможно повышение температуры и вялость"
Дерматит,"Лошадь хромает на правую переднюю ногу, понижен аппетит, температура тела 39°С, наблюдается припухлость вдоль сухожилия в области скакательного сустава. При пальпации животное проявляет болезненность в этой области, имеются признаки воспаления суставной капсулы.","симптомы: хромота на правую переднюю ногу, пониженный аппетит, повышенная температура тела (39°С), припухлость вдоль сухожилия в области скакательного сустава, болезненность при пальпации, признаки воспаления суставной капсулы."
Дерматит,У кошки наблюдается воспаление кожи с покраснением и зудом. В местах расчесов виден экссудат и корки. Потеря аппетита и снижение активности. Температура тела в пределах нормы.,"Симптомы: воспаление кожи, покраснение, зуд, расчесы с экссудатом и корками, потеря аппетита, снижение активности"
Гастроэнтерит,"Молодая курица вялая, потеряла аппетит, кожный покров матовый. Начинается с кашля, который усиливается и становится болезненным. Аускультация выявляет влажные хрипы, затем сухие и громкие. ЧСС до 140 в мин, температура bodies slightly elevated (до 40,8°C). Животное теряет упитанность, кожа синюшная перед смертью. В крови лейкоцитоз, лимфоцитоз, эозинофилия.","Симптомы: вялость, потеря аппетита, матовый кожный покров, кашель (начинающийся как влажный и переходящий в сухой и громкий), учащенное дыхание (ЧСС до 140 в мин), субфебрильная температура (до 40,8°C), потеря упитанности, цианоз кожи перед смертью, лейкоцитоз, лимфоцитоз, эозинофилия."
Гастроэнтерит,"Корова отравилась трихлорметафосом, обрабатываясь против клещей. Вначале вела себя беспокойно, затем стала вялой, косит глаза и часто ходит по-большому. Дыхание тяжелое, кожные покровы синеют. В последнее время аппетит отсутствует, дыхание затруднено, понос длится уже несколько дней.","Симптомы: отравление трихлорметафосом, беспокойство, вялость, косящие глаза, частое опорожнение кишечника, синюшность кожных покровов, отсутствие аппетита, затрудненное дыхание, понос."
Гастроэнтерит,"Лошадь отказывается от корма, имеет жидкий стул с примесью крови и слизи, часто пьет воду и страдает вздутием живота.","Симптомы: отказался от корма, жидкий стул с кровью и слизью, часто пьёт воду, вздутие живота"
Гастроэнтерит,"Животное отказывается от корма, наблюдаются рвота и диарея. Животное может быть вялым или беспокойным. Температура тела повышена. При пальпации живота возможны болевые ощущения в области кишечника.","Симптомы: отказ от корма, рвота, диарея, вялость или беспокойство, повышенная температура тела, боль в животе при пальпации."
Гастроэнтерит,"Корова, получившая обработку трихлорметафосом, проявляет беспокойство и угнетение. У неё наблюдается нарушение координации движений, слезотечение, частая дефекация и затруднённое дыхание с цианозом. Состояние животного ухудшается, развивается асфиксия и анемия. У коровы отсутствует аппетит, наблюдаются длительные поносы.","Симптомы: угнетение, нарушение координации движений, слезотечение, частая дефекация, затруднённое дыхание с цианозом, асфиксия, анемия, отсутствие аппетита, длительные поносы."
Гастроэнтерит,"Животное откашливается и чихает часто; его температура тела выше нормы; оно плохо ест и испытывает слабость; стул жидкий и водянистый, содержащий кровь или слизь.","Симптомы: частый кашель и чихание, высокая температура, снижение аппетита и общего состояния, диарея с примесью крови или слизи."
Гастроэнтерит,"У кошки наблюдается вялость, потеря аппетита и веса. Из глаз текут слезы, а из носа - сопли. Иногда она дрожит и прячется в укромные места. При пальпации живота животное проявляет признаки боли и дискомфорта. В фекалиях присутствуют примеси крови или слизи.","Симптомы: вялость, потеря аппетита и веса, выделения из глаз и носа, дрожь и избегание света, боль при пальпации живота, примеси крови или слизи в фекалиях"
Гастроэнтерит,"У собаки диарея, рвота и беспокойство на протяжении трех дней. Она плохо ест и пьет мало воды. При осмотре отмечено слезотечение и затрудненное дыхание с цианозом. Животное ранее контактировало с больными клещами и обрабатывалось инсектоакарицидом.","Симптомы: диарея, рвота, беспокойство, плохой аппетит, одышка, слезотечение, цианоз."
Гастроэнтерит,"Молодая овца отказывается от еды, у нее рвота и диарея водянистого характера. Животное вялое, температура тела повышена. При пальпации живота животное проявляет болевые реакции. Врач ветеринарной клиники ставит предварительный диагноз гастроэнтерит.","Симптомы: отказ от еды, рвота, диарея водянистого характера, вялость, повышенная температура тела, болевые реакции при пальпации живота"
Гастроэнтерит,"Клиническая картина: У коровы внезапно начались частые, жидкие дефекации, содержимое кала имел желтый цвет и зловонный запах. Животное стало вялым, отказывалось от еды, дыхание было затруднено, слышалось хрипение. Кожа вокруг глаз и носа приобрела синюшный оттенок. При осмотре ротовой полости замечены следы слизи и пены. Температура тела повысилась до 40,5°C. С течением времени корова стала лежать большую часть времени, не проявляя интереса к окружающему миру.","Симптомы: внезапно начавшиеся частые жидкие дефекации, желтый цвет и зловонный запах кала, вялость, отказ от еды, затрудненное дыхание с хрипением, синюшный оттенок кожи вокруг глаз и носа, следы слизи и пены во рту, повышенная температура тела до 40,5°C, лежание большую часть времени без интереса к окружающему миру."
Зубной камень и гингивит,"У собаки плохой запах изо рта, она неохотно ест и теряет вес. При осмотре выявляется зубной камень на зубах и воспаление десен (гингивит). Нарушенные ткани кровоточат даже при легком давлении.","Симптомы: плохой запах изо рта, неохотное поедание пищи, потеря веса, зубной камень на зубах, воспаление десен (гингивит), кровотечение из десен при легком presión."
Зубной камень и гингивит,"Пациентом является собака, которой 5 лет. В течение последних нескольких месяцев владелец заметил неприятный запах изо рта животного. При осмотре полости рта ветеринарным врачом были обнаружены желтоватые отложения на зубах и деснах, которые легко можно было снять при помощи инструмента. Десны выглядели отечными и воспаленными, кровоточили при легком воздействии. Собака стала есть медленно и с трудом, иногда отказывалась от еды вообще. Владелец также заметил, что животное стало меньше пить воды. При пальпации области шеи были обнаружены увеличенные лимфатические узлы.","Симптомы: неприятный запах изо рта, желтоватые отложения на зубах и деснах, отечность и воспаление десен с кровоточивостью при легком воздействии, затруднение при еде, уменьшение количества воды, увеличение лимфатических узлов в области шеи."
Зубной камень и гингивит,"У коровы наблюдается увеличение живота и выпячивание левой голодной ямки. При пальпации стенка рубца имеет упругую консистенцию и быстро выравнивается, при перкуссии звук тимпанический, движения рубца ослаблены. Животное отказывается от корма, у него отмечаются одышка и цианоз слизистых оболочек.","Симптомы: увеличение живота, выпячивание левой голодной ямки, упругость стенки рубца при пальпации, тимпанический звук при перкуссии, ослабленные движения рубца, отказ от корма, одышка, цианоз слизистых оболочек."
Зубной камень и гингивит,"У кошки дурно пахнет изо рта, зубы желтые и шершавые, десны воспалены и кровоточат при еде. У животного плохой аппетит, возможна потеря веса. При осмотре обнаруживается налет на зубах, который трудно удалить.","симптомы: дурной запах изо рта, желтые и шершавые зубы, воспаленные десны с кровоточивостью при еде, плохой аппетит, возможная потеря веса, налет на зубах трудно удаляемый"
Зубной камень и гингивит,"У коровы появился неприятный запах из пасти. Слюна стала густой и желтой. При осмотре tongues видим темный налет на зубах, который трудно удалить. Десны покраснели и кровоточат при легком касании. Животное плохо ест и теряет вес.","Симптомы: неприятный запах из пасти, густая желтая слюна, темный налет на зубах, трудновыводимый, покраснение десен с кровоточивостью при легком касании, плохой аппетит, потеря веса."
Зубной камень и гингивит,"У кошки плохой запах изо рта, кровоточивость десен и налет на зубах. Врач-ветеринар диагностировал зубной камень и гингивит. Рекомендовано лечение антибиотиками и процедуры чистки зубов у ветеринара.","Симптомы: плохой запах изо рта, кровоточивость десен, налет на зубах."
Зубной камень и гингивит,"У собаки плохой запах из пасти, зубы покрыты желтым налетом, десны воспалены и кровоточат. При еде животное проявляет беспокойство и может отказаться от пищи. В некоторых случаях наблюдается отек десен и подвижность зубов.","Симптомы: плохой запах из пасти, желтый налет на зубах, воспаление и кровоточивость десен, беспокойство во время еды, возможный отказ от пищи, отек десен, подвижность зубов."
Зубной камень и гингивит,"У собаки дурной запах из пасти, зубы желтые с налетом, десна воспалены и кровоточат. При жевании она проявляет беспокойство и может отказываться от еды.","Симптомы: дурной запах из пасти, желтый налет на зубах, воспаление и кровоточивость десен, боль при жевании, возможный отказ от еды."
Зубной камень и гингивит,"Жвачное животное испытывает дискомфорт при глотании, его аппетит снизился. При осмотре ротовой полости заметен толстый слой зубного камня на зубах, а десна воспалены и кровоточат при контакте. Животное избегает твердую пищу и предпочитает жидкую. Иногда отмечается неприятный запах изо рта.","Симптомы: дискомфорт при глотании, снижение аппетита, толстый слой зубного камня на зубах, воспаление и кровоточивость десен, избегание твердой пищи, неприятный запах изо рта."
Зубной камень и гингивит,"У собаки плохое состояние полости рта: на зубах заметен желтый налет, десна воспалены и кровоточат. Животное испытывает дискомфорт при жевании и поедании пищи, из пасти исходит неприятный запах.","Симптомы: боль в полости рта, воспаление десен с кровотечением, затруднение при жевании и поедании пищи, неприятный запах изо рта"
Паразитарные инфекции,"Клиническая картина: У коровы внезапно появилась диарея, саливация и тремор мышц. Животное начало испытывать беспокойство, угнетение и адинамию. Сердечная деятельность и дыхание нарушились, что привело к судорогам и параличу дыхательного центра. Смерть наступила в течение нескольких часов после проявления симптомов.","симптомы:диарея,саливация,тремор мышц,беспокойство,угнетение,адинамия,нарушение сердечной деятельности и дыхания,судороги,паралич дыхательного центра"
Паразитарные инфекции,"Клиническая картина: У курицы, возрастом 6 месяцев, наблюдаются вялость и потеря аппетита. Через три дня появляется понос желтого цвета со слизью, птице становится трудно ходить из-за слабости в ногах. Температура тела повышена до 42°C. Вокруг клюва и глаз заметны воспалительные отеки, птица чихает и хрипит при дыхании. Через неделю перья вокруг клоаки выпадают, а самопроизвольное оперение замедляется или прекращается полностью.","Симптомы: вялость, потеря аппетита, понос желтого цвета со слизью, слабость в ногах, повышенная температура тела (42°C), воспалительные отеки вокруг клюва и глаз, чиханье и хрипы при дыхании, выпадение перьев вокруг клоаки, замедление или полное прекращение самопроизвольного оперения."
Паразитарные инфекции,"Клиническая картина: у коровы внезапно появились беспокойство, пена изо рта, тремор конечностей и диарея. Животное стало апатичным и слабым. При осмотре ветеринарным врачом были обнаружены нарушения дыхания и сердечного ритма. В результате лабораторных исследований был выявлен высокий уровень гексахлорциклогексана в организме коровы, что свидетельствует об отравлении данным инсектицидом.","Симптомы: беспокойство, пена изо рта, тремор конечностей, диарея, апатия, слабость, нарушения дыхания и сердечного ритма"
Паразитарные инфекции,"Собака, живущая на ферме, страдает от поноса и рвоты уже три дня. У нее наблюдается потеря аппетита и вялость. При осмотре发现 она имеет бледную слизистую оболочку полости рта и желтые белки глаз. В анамнезе отмечается, что собака имела контакт с другими животными на ферме и могла заразиться паразитарной инфекцией через испражнения или воду.","Симптомы: понос, рвота, потеря аппетита, вялость, бледная слизистая оболочка полости рта, желтые белки глаз"
Паразитарные инфекции,"У молодой собаки в течение трех дней отмечается повышение температуры тела, апатия, рвота и диарея. Слизистые оболочки бледные, пульс учащенный. В течение недели эти симптомы сохраняются, при этом наблюдается судороги конечностей и паралич мышц лица. Через неделю собака погибает.","Симптомы: повышение температуры тела, апатия, рвота, диарея, бледные слизистые оболочки, учащенный пульс, судороги конечностей, паралич мышц лица."
Паразитарные инфекции,"Животное вялое, температура повышена, аппетит снижен. При осмотре обнаружены черви в фекалиях. С помощью туревича метода найдены внутриклеточные включения в тканях печени и кишечника. Животному назначена противопаразитарная терапия.","Симптомы: вялость, повышенная температура, сниженный аппетит, обнаружение червей в фекалиях, наличие внутриклеточных включений в тканях печени и кишечника."
Паразитарные инфекции,"Собака с наружным паразитарным заражением: шерсть грязная и свалявшаяся, на коже заметны темно-коричневые блохи и яйца, животное испытывает зуд и расчесывает кожу до крови. В кале присутствуют беловатые нитевидные глисты, собака теряет вес несмотря на нормальный аппетит.","Симптомы: зуд, расчесывание кожи до крови, наличие темно-коричневых блох и яиц в шерсти, грязная и свалявшаяся шерсть, потеря веса при нормальном аппетите, беловатые нитевидные глисты в кале."
Паразитарные инфекции,"Свинья проявляет вялость, отказ от еды, диарею, затрудненное дыхание и кашель уже две недели. Ранее замечены следы крови в стуле и слизистой конъюнктивы глаз. Также отмечено увеличение лимфоузлов и снижение веса животного.","Симптомы: вялость, отказ от еды, диарея, затрудненное дыхание, кашель, следы крови в стуле и слизистой конъюнктивы глаз, увеличение лимфоузлов, снижение веса"
Паразитарные инфекции,"Клиническая картина: У коровы внезапно появились беспокойство и обильное слюнотечение. Через несколько часов развился тремор мышц, диарея и судороги. Сердечный ритм стал учащенным, а дыхание затрудненным. Животное начало испытывать слабость и адинамию. Симптомы усугублялись в течение дня, несмотря на симптоматическое лечение. К вечеру корова перестала реагировать на внешние стимулы и умерла от паралича дыхательного центра.","Симптомы: внезапное беспокойство, обильное слюнотечение, тремор мышц, диарея, судороги, учащенный сердечный ритм, затрудненное дыхание, слабость и адинамия, паралич дыхательного центра."
Паразитарные инфекции,"Молодая собака по кличке Бонни в последние дни стала вялой и апатичной, отказывается от еды. На коже появились аллергические высыпания, особенно заметные на животе и внутренней стороне бедер. Вчера у нее начался жидкий стул с кровью, температура повышена до 40°C. Сегодня заметили наличие блох на теле собаки. Животное содержится в вольере вместе с другими собаками, все они выглядят здоровыми. Бонни получила все положенные прививки и не контактировала с дикими животными.","Симптомы: апатия, потеря аппетита, аллергические высыпания на животе и внутренней стороне бедер, жидкий стул с кровью, повышенная температура (40°C), наличие блох на теле."
Цистит,"У взрослого пса внезапно появились признаки боли при мочеиспускании - он пронзительно кричит и поджимает хвост во время мочеиспускания, имеются кровяные вкрапления в моче. При пальпации живота животное проявляет болезненность в области мочевого пузыря. В последнее время замечена повышенная жажда и частое мочеиспускание.","Симптомы: боль при мочеиспускании, кровь в моче, болезненность живота в области мочевого пузыря, полидипсия (повышенная жажда), поллакиурия (частое мочеиспускание)."
Цистит,"Лошадь проявляет слабость, теряет аппетит, температура тела высокая (около 41 °С). Дыхание учащено, походка шаткая, возможны судороги и возбуждение. Отмечаются запоры или поносы, животное может падать и вытягивать конечности. Внешне видны розовые пятна на коже живота. Состояние ухудшается, вплоть до комы с пенистой жидкостью из носа и рта. Продолжительность заболевания от 2 до 6 дней.","Симптомы: слабость, потеря аппетита, высокая температура тела (около 41 °C), учащенное дыхание, шаткая походка, судороги и возбуждение, запоры или поносы, возможны падения и вытягивание конечностей, розовые пятна на коже живота, ухудшение состояния вплоть до комы с пенистой жидкостью из носа и рта."
Цистит,"Кошка отказывается есть и пить в течение двух дней, часто посещает лоток с явным дискомфортом при мочеиспускании, отмечается наличие крови в моче, температура тела слегка повышена.","Симптомы: отказ от еды и воды, частые позывы к мочеиспусканию с дискомфортом, наличие крови в моче, повышенная температура тела."
Цистит,"Кошка хромает, избегает воду. Часто ходит в лоток, но небольшими порциями. Иногда бывает кровь в моче.","симптомы:кошка хромает, избегает воды, часто ходит в лоток небольшими порциями, иногда бывает кровь в моче"
Цистит,"У коровы внезапно повысилась температура, появились затрудненное мочеиспускание с кровью в конце акта, постоянные позывы в туалет. Животное отказывается от еды и воды, становится вялой и апатичной.","Симптомы: повышенная температура, затрудненное мочеиспускание с кровью в конце акта, постоянные позывы к мочеиспусканию, отказ от еды и воды, вялость и апатия"
Цистит,"Кот стал часто посещать лоток, испытывает боль при мочеиспускании, моча мутная и имеет неприятный запах. В некоторых случаях в моче присутствуют кровяные примеси. Животное проявляет беспокойство и раздражительность.","Симптомы: частое посещение лотка, боль при мочеиспускании, мутная моча с неприятным запахом, возможны кровяные примеси в моче, беспокойство и раздражительность."
Цистит,"Кошка отказывается от еды уже несколько дней. Сегодня она начала странно себя вести - ходит кругами и пугается своего отражения в зеркале. Температура тела повышена до 41°C, дыхание учащено. Внезапно у животного начались судороги с оскалом и скрежетом зубов. На коже живота появились небольшие розовые пятна. Через несколько часов кошка впала в кому, из пасти течет пенистая жидкость.","Симптомы: отказ от еды, странное поведение (кружение и пугливость перед зеркалом), высокая температура тела (41°C), учащенное дыхание, судороги с оскалом и скрежетом зубов, появление розовых пятен на коже живота, пенистая жидкость из пасти."
Цистит,"Кошка начала чаще посещать лоток, но мочится малыми порциями. Во время мочеиспускания проявляет признаки боли, испытывает затруднения и может издавать жалобные крики. В ряде случаев в моче могут присутствовать кровянистые примеси. Иногда наблюдается повышение температуры тела животного.","Симптомы: боль при мочеиспускании, трудности при мочеиспускании, малые порции мочи, возможны кровяные примеси в моче, повышение температуры тела"
Цистит,"Клиническая картина: Кошка отказывается от воды и еды, часто присаживается на лоток с явным беспокойством, моча имеет мутный или кровавый вид, животное поджимает хвост и проявляет агрессию при прикосновении к нижней части живота.","Симптомы: отказ от воды и еды, частые позывы на лоток с явным беспокойством, мутный или кровавый вид мочи, поджимание хвоста, проявление агрессии при прикосновении к нижней части живота."
Цистит,"Кошка, 3 года. В последние дни стала пить много воды и часто ходить в лоток, моча розоватого цвета. При осмотре живота отмечено болезненное напряжение мышц в области мочевого пузыря. Температура тела повышена.","Симптомы:повышенная температура,боль в животе,дизурия (учащенные позывы к мочеиспусканию),гематурия (розовый цвет мочи)."
Артикулярные заболевания (артрит),"У коровы увеличен живот, выпирает левая голодная ямка. При пальпации стенка рубца упругая и быстро возвращается в исходное положение. При перкуссии слышен тимпанический звук. Движения рубца ослаблены. Животное проявляет признаки беспокойства, возможны колики. Температура тела в норме или слегка повышена. В анамнезе - резкая смена рациона корма или поедание испорченного корма.","Симптомы: увеличение живота, выпирание левой голодной ямки, упругая и быстро возвращающаяся в исходное положение стенка рубца при пальпации, тимпанический звук при перкуссии, ослабленные движения рубца, признаки беспокойства и колики, температура тела в норме или слегка повышена."
Артикулярные заболевания (артрит),"Собака, 5 лет, крупной породы. Хозяева заметили хромоту на задней правой конечности неделю назад. Сейчас собака еле передвигается, прихрамывает даже в покое. Сустав колена увеличен и горячий на ощупь, движения ограничены из-за боли. Лапа отечна, кожные складки над суставом гиперемированы. Замечено снижение аппетита, но температура тела в норме. Лечение не проводилось.","Симптомы: хромота на задней правой конечности, боль в коленном суставе, увеличение и гипертермия сустава, ограничение движений из-за боли, отек лапы, гиперемия кожных складок над суставом, снижение аппетита."
Артикулярные заболевания (артрит),"Клиническая картина: у собаки наблюдается высокая температура (41°C), слабость, полное отсутствие аппетита, запоры чередуются с поносами. Она передвигается шатко, вытягивает конечности и запрокидывает голову, координация движений нарушена. Приступы возбуждения сопровождаются агрессией и пугливостью, дыхание учащено. Отмечаются розовые пятна на коже живота. Состояние ухудшается, возникают судороги, животное может падать в обморочное состояние с пенистой жидкостью изо рта и носа. Продолжительность болезни составляет от 2 до 6 дней.","Симптомы: высокая температура (41°C), слабость, полное отсутствие аппетита, запоры чередуются с поносами, шаткость движения, вытягивание конечностей и запрокидывание головы, нарушение координации движений, приступы возбуждения с агрессией и пугливостью, учащенное дыхание, розовые пятна на коже живота, судороги, обморочные состояния с пенистой жидкостью изо рта и носа."
Артикулярные заболевания (артрит),"Собака 5 лет, порода лабрадор, владельцы отмечают хромоту на правую заднюю лапу в течение последних двух недель. При осмотре выявлено покраснение и припухлость сустава колена правой конечности, животное испытывает болезненность при пальпации и движении суставом. Рентгенограмма показывает изменения костной ткани в области сустава и наличие жидкости внутрисуставного пространства. Собака ограничена в движениях, отмечается хромота на больную конечность, температура тела нормальная. В общем анализе крови лейкоцитоз со сдвигом влево, повышение СОЭ. Животное нуждается в проведении дополнительных исследований и лечении у ветеринарного врача.","Симптомы: хромота на правую заднюю лапу, покраснение и припухлость сустава колена правой конечности, болезненность при пальпации и движении суставом"
Артикулярные заболевания (артрит),"Собака среднего размера, 4 года, поступившая с жалобой на хромоту левой задней конечности в течение последних трех дней. Собака избегает наступать на лапу и держит ее высоко при движении. При осмотре отмечается отек и покраснение вокруг сустава, а также местное повышение температуры кожи над пораженной областью. Сустав болезненный при пальпации, но движения в нем сохранены. животное передвигается с трудом, имеет неустойчивую походку и может испытывать боль даже в покое.","Симптомы: хромота левой задней конечности, отек и покраснение вокруг сустава, местное повышение температуры кожи над пораженной областью, болезненность при пальпации сустава, неустойчивая походка, боль даже в покое."
Артикулярные заболевания (артрит),"Собака старше 7 лет, хромота на задней правой лапе более двух недель. При пальпации сустава отмечается болезненность и опухание коленного сустава. Собака испытывает трудности при подъеме по лестнице и во время длительной ходьбы.","симптомы:боль в правом заднем коленном суставе,опухание правой конечности,трудности при движении (ходьбе,подъеме по лестнице)."
Артикулярные заболевания (артрит),"У собаки наблюдаются отек век и конъюнктивы, кратковременные судороги и параличи, опухание пятачка, ушей и дистальной части конечностей. Также отмечается рвота, затрудненное дыхание, учащенный пульс и застойная гиперемия кожи. В продромальный период температура тела повышена до 41°C, затем снижается до нормы. При пальпации обнаруживается студенистый отек подкожной клетчатки в области лба, вокруг глаз и у основания ушей.","Симптомы: отек век и конъюнктивы, кратковременные судороги и параличи, опухание пятачка, ушей и дистальной части конечностей, рвота, затрудненное дыхание, учащенный пульс, застойная гиперемия кожи, студенистый отек подкожной клетчатки в области лба, вокруг глаз и у основания ушей."
Артикулярные заболевания (артрит),Собака старше 7 лет начала хромать на правую заднюю лапу. При пальпации сустава отмечается боль и отек. Рентгенограмма показала изменения костной ткани и суставные выпоты. Лабораторные исследования крови выявили увеличение количества лейкоцитов и СОЭ.,"симптомы:боль в правой задней лапе,отечность сустава при пальпации,изменения костной ткани на рентгенограмме,суставные выпоты,увеличение количества лейкоцитов и СОЭ в крови."
Артикулярные заболевания (артрит),"Собака, 5 лет, неактивная на последних двух неделях. Отмечается хромота на правую заднюю лапу. В области сустава наблюдается припухлость и местное повышение температуры. При пальпации отмечается болезненность и ограниченная подвижность сустава. Собака испытывает трудности при вставании и передвижении, предпочитает лежать с вытянутой лапой. Рентгенограмма показывает изменения в структуре кости и хряща сустава.","Симтомы: боль в правой задней лапе, хромота на правую заднюю лапу, припухлость в области сустава, местное повышение температуры, болезненность и ограниченная подвижность сустава, трудности при вставании и передвижении."
Артикулярные заболевания (артрит),"Собака по кличке Марли в последнее время начала хромать на заднюю лапу и проявляет нежелание двигаться. При пальпации суставов отмечается припухлость коленного сустава, а также болезненность при движениях. Взволнованный владелец замечает, что его питомец начал меньше есть из-за боли в шее, где наблюдается увеличение лимфоузлов и трудности при глотании.","Симптомы: хромота на заднюю лапу, отказ от движения, боль в коленном суставе, увеличение лимфоузлов в области шеи, трудности при глотании, потеря аппетита из-за боли в шее"
Пиометра,"Животное, страдающее пиометрой, демонстрирует признаки недомогания и апатичности, отказывается от корма и воды. Из влагалища могут появляться выделения с неприятным запахом. Животное испытывает дискомфорт при пальпации живота в области матки и может проявлять агрессию или беспокойство во время осмотра. В некоторых случаях возможно повышение температуры тела, вплоть до лихорадки. При отсутствии лечения состояние животного ухудшается, возможны сопутствующие инфекции и сепсис.","симптомы:отказ от корма и воды,апатия,дискомфорт при пальпации живота в области матки,беспокойство или агрессия во время осмотра,выделения из влагалища с неприятным запахом,возможное повышение температуры тела до лихорадки."
Пиометра,"Собака старше 5 лет, владельцы отмечают постоянную вялость и повышенную температуру тела. При пальпации живота выявляется болезненность в области таза. Из половых органов наблюдаются гнойные выделения.","Симптомы: повышенная температура тела, вялость, болезненность в области таза, гнойные выделения из половых органов."
Пиометра,"Самаяя крупная свиноматка из группы стала вдруг отказываться от еды и пить много воды. Она стала часто вылизываться и у нее появился неприятный запах из влагалища. При осмотре ветеринар обнаружил гнойные выделения из половых путей, что может указывать на воспаление матки.","Симптомы: анорексия (отказ от еды), полидипсия (сильное потребление воды), половая возбудимость (частое облизывание гениталий), неприятный запах из влагалища, гнойные выделения из половых путей."
Пиометра,"У собаки наблюдается повышенная температура тела, вялость, снижение аппетита. Во время пальпации влагалища обнаружены гнойные выделения с неприятным запахом. При ультразвуковом обследовании выявлена толстостенная полость в малом тазу, заполненная жидкостью. Животное отказывается от еды и питья, возможно развитие сепсиса без своевременного лечения.","Симптомы: повышенная температура тела, вялость, снижение аппетита, гнойные выделения из влагалища с неприятным запахом, толстостенная полость в малом тазу заполненная жидкостью, отказ от еды и питья."
Пиометра,"Корова поступила в ветеринарную клинику с повышением температуры тела до 41°C и снижением аппетита. При пальпации выявилось наличие абсцесса в области влагалища, сопровождающееся гнойными выделениями из половых путей.","Симптомы: повышение температуры тела до 41°C, снижение аппетита, абсцесс в области влагалища, гнойные выделения из половых путей."
Пиометра,"У коровы повышенная температура тела, снижение аппетита, вялость, выделения из влагалища с неприятным запахом. При пальпации обнаружены уплотнения в области матки.","Симптомы: повышенная температура тела, снижение аппетита, вялость, гнойные выделения из влагалища, неприятный запах из влагалища, уплотнения в области матки"
Пиометра,"Самка крупного рогатого скота вялая, температура тела повышена. Из влагалища вытекает гнойный экссудат с неприятным запахом. Аппетит отсутствует, дыхание затруднено, отмечаются длительные поносы и цианоз слизистых оболочек. Животное испытывает беспокойство, затем угнетение и нарушение координации движений.","Симптомы: повышенная температура тела, гнойный экссудат из влагалища с неприятным запахом, отсутствие аппетита, затрудненное дыхание, длительные поносы, цианоз слизистых оболочек, беспокойство и угнетение состояния, нарушение координации движений."
Пиометра,"Самка крупного рогатого скота на 7-м месяце беременности в течение двух недель испытывает общую слабость и аппетит, наблюдается повышение температуры тела до 41°C. Наружу выходит кровянистый секрет из влагалища, который имеет неприятный запах. Животное проявляет признаки дискомфорта при пальпации живота в области таза и половых органов, отмечается увеличение размеров матки и болезненность при palpation. В данном случае речь идет о гнойном воспалении матки, или пиометре.","Симптомы: общая слабость, повышение температуры тела до 41°C, кровянистый секрет из влагалища с неприятным запахом, дискомфорт при пальпации живота в области таза и половых органов, увеличение размеров матки, болезненность при palpation."
Пиометра,"Лапки у свиньи грязные, пахнет гнилью. Живот увеличен, опущен. Гуляет температура тела 40-42°C. Аппетит снижен или отсутствует совсем. Влагалище выделяет желтый гнойный секрет с неприятным запахом.","симптомы:грязные лапки,запах гнили,увеличенное и опущенное живот,высокая температура тела (40-42°C),сниженный или отсутствующий аппетит,желтые гнойные выделения из влагалища с неприятным запахом"
Пиометра,"Клиническая картина: Свиноматка с вялостью, отсутствием аппетита, матовым оттенком кожного покрова. Пневмония прослушивается при аускультации, температура тела слегка повышена, наблюдается лейкоцитоз и лимфоцитоз в крови.","Симптомы: вялость, отсутствие аппетита, матовый оттенок кожного покрова, пневмония (по звуку), гипертермия (слабо повышенная температура тела), лейкоцитоз и лимфоцитоз в крови."
Аллергические реакции,"Овца начала часто чесаться и чихать после переезда на новую ферму. У нее появились покраснения на коже и она стала чаще тереться о предметы, пытаясь облегчить зуд. Ветврач диагностировал аллергическую реакцию, вероятно вызванную новым кормом или средой обитания. Овце назначили антигистаминные препараты и рекомендовали тщательно следить за гигиеной на ферме для профилактики подобных реакций в будущем.","Симптомы: частое чесание, чихание, покраснение кожи, зуд"
Аллергические реакции,"Корова после приема пищи начала чесаться, появились сыпь и отеки на коже шеи и морды. Дыхание стало частым и шумным, температура тела повысилась. В течение часа состояние ухудшилось, появился кашель и затрудненное дыхание. Немедленно исключили подозрительные корма из рациона.","Симптомы: зуд кожи шеи и морды, сыпь и отеки на коже шеи и морды, одышка, кашель, затрудненное дыхание, повышенная температура тела"
Аллергические реакции,"Лошадь страдает воспалением кожных покровов, сопровождающимся зудом и выпадением шерсти. Несмотря на обильное питание, потеря веса очевидна. Врач-ветеринар обнаруживает повышенную чувствительность к некоторым антибиотикам при проведении аллергопроб.","Симптомы: воспаление кожных покровов, зуд, выпадение шерсти, потеря веса, повышенная чувствительность к некоторым антибиотам."
Аллергические реакции,"У молодого свиньи 4 месяца Observe приступ сильного кашля, который усиливается и учащается. Температура тела слегка повышается до 40,8°C, затем падает ниже нормы за несколько дней до смерти. Животное становится вялым, теряет аппетит и упитанность, кожа приобретает матовый оттенок. При аускультации прослушиваются влажные хрипы, которые становятся сухими и громкими по мере развития болезни. Сердечный ритм увеличивается до 216 ударов в минуту во время обострения. Свинья имеет лейкоцитоз, лимфоцитоз и эозинофилию в крови. Через несколько дней после начала заболевания свинья погибает от катаральной пневмонии с геморрагическим компонентом.","Симптомы: сильный кашель, повышение температуры тела до 40,8°C с последующим снижением ниже нормы, вялость, потеря аппетита и упитанности, матовый оттенок кожи, влажные хрипы при аускультации (ставшие сухими и громкими по мере развития болезни), учащенный сердечный ритм до 216 ударов в минуту во время обострения, лейкоцитоз, лимфоцитоз и эозинофилия в крови."
Аллергические реакции,"Клиническая картина: Овца с приступом чиханья и слезоточением, после поедания концентрированного корма в загоне с плохими условиями содержания. На коже заметны покраснения и высыпания, копытца грязные и плохо расчищенные. Животное находится в апатичном состоянии, аппетит снижен.","Симптомы: чиханье, слезоточение, кожный зуд и сыпь"
Аллергические реакции,"Корова стала беспокоиться, затем угнетение, нарушение координации движений, слезотечение. Частая дефекация, затруднённое дыхание, цианоз, асфиксия. Отказ от корма, бледность слизистых оболочек, длительные поносы.","Симптомы: беспокойство, угнетение, нарушение координации движений, слезотечение, частая дефекация, затруднённое дыхание, цианоз, асфиксия, отказ от корма, бледность слизистых оболочек, длительные поносы."
Аллергические реакции,"Клиническая картина: У коровы, содержащейся на откорме с преобладанием травяных кормов и добавлением мочевины и минеральных солей, внезапно появился кашель, который стал учащаться и усиливаться. При прослушивании отмечаются влажные хрипы в легких, которые позже становятся сухими и громкими. Частота сердечных сокращений повысилась до 216 ударов в минуту. Корова стала вялой, потеряла аппетит, кожа приобрела матовый оттенок. При лабораторном исследовании крови выявлен лейкоцитоз, лимфоцитоз и эозинофилия.","Симптомы: кашель, влажные хрипы в легких, сухие громкие хрипы, тахикардия (частота сердечных сокращений 216 ударов в минуту), вялость, потеря аппетита, матовый оттенок кожи, лейкоцитоз, лимфоцитоз и эозинофилия."
Аллергические реакции,"Клиническая картина: У собаки внезапное появление зуда, покраснения кожи и припухлости вокруг глаз. Приблизительно через час после контакта с травой в парке начались чиханье и отек носа. В течение следующих двух часов симптомы усугубились, появилась рвота и диарея. Животное стало вялым и апатичным.","Симптомы: внезапный зуд, покраснение кожи, припухлость вокруг глаз, чиханье, отек носа, рвота, диарея, вялость, апатия."
Аллергические реакции,"Корова, обработанная препаратом от клещей, проявляет признаки аллергии: беспокойство, зуд, слезотечение. Через несколько часов появляются отечность лица и шеи, затрудненное дыхание и учащенный пульс. Животное теряет аппетит, у него отмечаются жидкий стул и вялость.","Симптомы: беспокойство, зуд, слезотечение, отечность лица и шеи, затрудненное дыхание, учащенный пульс, потеря аппетита, жидкий стул, вялость."
Аллергические реакции,"Животное начинает чесаться, появляются красные пятна на коже. При осмотре обнаруживаются небольшие язвочки и припухлости на теле. Животное отказывается от корма, но выпивает много воды. Из носа текут прозрачные жидкие сопли, из глаз - слезы. Температура тела повышена.","Симптомы: чесотка, красные пятна на коже, язвочки и припухлости на теле, отказ от корма, полидипсия, прозрачные жидкие сопли из носа, слезы из глаз, гипертермия."
Панкреатит,"Свинья отказывается от корма, лежит в лежачем положении, живот вздут, температура тела повышена. При пальпации живота наблюдается болезненность в области желудка и кишечника. Аппетит отсутствует, стул жидкий с неприятным запахом. Животное отказывается пить воду, что указывает на сильную боль.","Симптомы: отказ от корма, лежание в лежачем положении, вздутие живота, повышенная температура тела, болезненность в области желудка и кишечника при пальпации, отсутствие аппетита, жидкий стул с неприятным запахом, отказ от воды."
Панкреатит,"Собака отказывается от еды, худеет, имеет желтушный оттенок склер и кожных покровов. Живот увеличен, пальпация вызывает болезненность. Рвота с примесью желчи и кала. Аппетит отсутствует, температура тела повышена.","Симптомы: отказ от еды, похудение, желтушный оттенок склер и кожных покровов, увеличение живота, болезненность при пальпации живота, рвота с примесью желчи и кала, повышенная температура тела."
Панкреатит,"У коровы наблюдается вялость и снижение аппетита. Животное проявляет беспокойство при движении, испытывает трудности с глотанием и имеет вздутый живот. Резь в животе вызывает частую дефекацию и потерю веса. Наблюдается желтушность слизистых оболочек глаз и повышенное слюноотделение.","симптомы:вялость,снижение аппетита,беспокойство при движении,трудности с глотанием,вздутый живот,резь в животе,частая дефекация,потеря веса,желтушность слизистых оболочек глаз,повышенное слюноотделение"
Панкреатит,"Пациент: взрослый кобель собаки. Резкая боль в животе, плохой аппетит, рвота желчью, диарея с примесью крови, обезвоживание, учащенное дыхание и сердцебиение, слабость.","Симптомы: резкая боль в животе, плохой аппетит, рвота желчью, диарея с примесью крови, обезвоживание, учащенное дыхание и сердцебиение, слабость."
Панкреатит,"У собаки внезапно появились рвота и диарея, животное начало тяжело дышать, появилась желтушность склер и слизистых оболочек. В области живота пальпируется твердый болезненный отек, температура тела повышена.","Симтомы: рвота, диарея, одышка, желтушность склер и слизистых оболочек, твердый болезненный отек в области живота, гипертермия"
Панкреатит,"Собака отказывается от еды и воды на протяжении трех дней. Рвота желчью после каждого кормления, болезненный живот при пальпации. Животное апатичное, температура bodies повышена, пульс учащен.","симптомы:отказ от еды и воды, рвота желчью после каждого кормления, болезненность живота при пальпации, апатия, гипертермия, тахикардия"
Панкреатит,"У кошки внезапно появились боли в животе, рвота и диарея. Она стала отказываться от еды, а ее поведение изменилось на летаргическое. В ходе обследования у животного были обнаружены повышенные уровни амилазы и липазы в крови, что указывает на воспаление поджелудочной железы. Кошке был поставлен диагноз панкреатит.","Симптомы: боль в животе, рвота, диарея, отказ от еды, летаргическое поведение"
Панкреатит,"Собака, 5 лет, мужского пола, замечена в слабости и потере аппетита. В течение последних двух дней наблюдается рвота желчью после каждого приема пищи. Живот собаки напряжен и болезненный при пальпации, особенно в области желудка. Лапы собаки становятся холодными и влажными, дыхание учащено и поверхностно. Собака отказывается двигаться самостоятельно и просит помощи, чтобы встать и передвигаться.","Симптомы: рвота желчью после каждого приема пищи, напряжение и боль в животе (особенно в области желудка), холодные и влажные лапы, учащенное и поверхностное дыхание, слабость и отказ от самостоятельного движения."
Панкреатит,"У коровы наблюдается снижение аппетита, вялость, тусклая шерсть. Животное лежит на бок, поджимая ноги к животу. Отмечается вздутие живота, рвота пищей или желчью, диарея с сильным неприятным запахом. При пальпации живот чувствителен в области желудка и кишечника, температура тела повышена. Лабораторные исследования показали увеличение активности амилазы в крови и моче.","Симптомы: снижение аппетита, вялость, тусклая шерсть, вздутие живота, рвота пищей или желчью, диарея с сильным неприятным запахом, чувствительность живота при пальпации, повышенная температура тела, увеличение активности амилазы в крови и моче."
Панкреатит,"У кошки в течение дня появилась резкая рвота и диарея, живот твердый на ощупь и болезненный при пальпации, аппетит отсутствует. Животное находится в угнетенном состоянии, температура тела повышена до 40°C. В анамнезе отмечается недавнее потребление испорченной пищи.","Симптомы: рвота, диарея, болезненность живота при пальпации, отсутствие аппетита, угнетенное состояние, гипертермия (температура тела повышена до 40°C)."
